step,sequence
12600,MVSGRVQGVGFRQWDRREAGLALWVRNRPDGSVEAILQGAPAAVERLVRRCRSGDEHACVSGVEVVEDATREAAFGVRG
12700,MRDHGQIVIVRVAITGRVQGVGFRAFVWQHARRLFVKGFVRNRVDGSVEASCFGSHVAVVQFVQLVVEGPAYFRRESMDVQRIDTIEEPEGLIRQSFEFPGV
12800,MHRRPRPCLGADRFRFLPNRNRLTRALRLTVWHGDVQGVSFWSTRAELGSGWVRNLRDGRVEVVAEGPAIAVEALLQWLRVWCRGARVDRVVVEESPTTPGRGFSERP
25400,MNKVRFAVAGKVQGVSFRAFVKERTELGLTGWVRNRLDGTVEVQASGDDKIAQFRLLWDGPPASRVTETVAEAVDSPGWPEFRILPTS
25500,MSKVCTIAWVHGLVQGVGFRYSTQREALQLGLTGYAKNMDDGSVEVVACGEAAQVEKLIAWLNAGGPRSARDDKVLTEPHQPGREYVNFSIRY
25600,MAIRAVRYTGEVSGVGFRATLYRLAVENDVGGYVNEKDLTVSAVDEGEEKAIIQFLDRIKRDKAKNIHEEPVAKWEEPTGEFREFSIL
25800,MKTVKNVRGRVQGVGFRYTCKVRADQLEILGIVRNDPDGSVTIAQGPAAAIDKFIQVIKDSTSAGRVSHVSFKELDKFDKRFRTY
26300,MIKRIYAKVSGKVQGVGYRYYVLRQARELGLTGTVQNLPDGTVEVLAQGKDKDIRDYLDALRRGPFRAIVKTIEEEWSSPDQPDWSFDVLF
26500,MSESITRHVRIHGVVQGVGYRSWLASEAGRLGLTGWVRNLRDGAVEAVVRGPVPAVDKILDAARRGPPSARVSSVDVGEHDSPDGHEFEIIPTL
27100,MHSFKLLIQGVVQGVGFRFFLYKEATNLNIVGYVKNLNNGDVEVLIQGEKDNIKKMIKLMKLSHSSAKIKSIQQKESESENYSDFRVK
27200,MCPLPLAAAATAPRTPLRLLNRGLAAAMSTRRPLKSVDYEVFGRVQGVCFRMYTEERKIGVVGWVKNSSKGTVTEQVGGPEDKVNSMLCISV
27300,MTSARAHLLISGRVEEVGFRNAVKDQARKAGETGWVRNLRDGRVEAVLEGEQQAIDKMEQWCHRGPPVAKVTQVEIDVGEPMGGGSFTVKQSRVNREFSCFRLLPNTHI
27400,MLFKDETARLRHHGKVQGVFFRASAQEVAIGLGLTGWVRNCADGSVELLVQGPAGAIAAIIAWCRTGPPKASVQRIDIEWIEGDLFTSFHIRY
27500,MHKQRYFVSGKVQGVGFRFFAEQCALSLKISGFVKNLDDGRVEIVAFFNTKERAELFQKLLKGNDKSNAEDIRMEILTDEDYPFAFDFFRYY