"step","sample"
"0","TTPPPKPMNPPTKIKNTK</s>MK</s>KPPFPVPTMPMHTKHPKKKIKKPMKNKHMMKTPPPFIKKMTPTNKIKPKNHPKMFMTPTP</s>TPTTKPTTTNHLTPPPTNPMTTPWHPKPTNTPPPPPNWVHM"
"100","□□□□□□□□□□□□□G□□□□□□□□□□□□□□□□□□□□□□□□□□□□□□□□□□□□□□□□□□□□□□□□□E□□□□□□□□S□□□□□□□□□□□□□C□□□□□□□□□□□R□□□□□Q□□□□□□□□D□□□□H□□□□□"
"200","□□□□□□□□□□□□□□□□□□□□□□□□□□□□□□□□□□□□□□□□□□□□□□□□□□□□A□P□□□□□□□□□□□□□□□□□□□□□□□□□□□□□□□□□□□□□□□T□□□□□A□□□□□□□□□□□□□□□□□□□□□□□□□□"
"300","□□□□□□□□□□□□□□□□□□□□□□□□□□□□□□□□□□□□□□□□□□□□□□□I□□□N□□□□□□□□□□E□□□□□□□□□□□□□□□□□□□L□□□□K□□□□□□□□□□□□□□□□□□□□□□□□□□H□□□□□"
"400","□□□□□□□□□□□□□□□□□□□□□□□□□□□□□□□□□□□□□□□□□□□□□□□□□□□□□□□□□□□□□□□□□□□□□□□□□□□□□□□□□□□□□□□□□□□□□□□□□□□□□□□□□□□□□□□□□□□□□□□□□□□□□□□"
"500","□□□□□□□□□□□□□□□□□□□□□□□R□□□□□□□□□□□□□□□□□□□□□□□□□□□□□□□□□□□□□□□□□□□□□□□□□□□□□□□□□□□□□□□□□□□□□□□□□□□□□□□□□□□□□□□□□□□□□□□□□□□"
"600","□□□□□□□□□□□□□□□□□□□□□□□□□□□□□□□□□□□□□□N□□□□□□□□□□□□□□□□□□□□□□□□□□□□□□□□G□□□□□□□P□□□□□□□□□□□□F□□□□□L□□□□□□□□□□□□□□□□□□□□□□□□□□□"
"700","<s>□E□□□□□□□□□□Q□□□G□□□□MD□Q□□□□□R□□□□□□□□□□□□□□EQ□□□□□□V□□□□□□□□□□□□□□□H□SVM□□□□□□□□G□□□□□□□N□</s>□"
"800","<s>M□□E□□□V□□□□□□□□□□□□□□R□□□□□□□□□□□□□□□□□R□□□□□□□□□□□D□N□□□□□□□P□□□□□□□□AI□V□T□□□□□□□□□M□□□</s>□□A□□S□□□"
"900","□□□□□□R□□□□□□G□□□□□G□□□□□□□□□L□□□□□□□L□□□□□□□R□□□□□□□ER□L□□G□□□□□P□□A□D□L□□□V□□□□□□□VD□□TTA□□□□□□□□□□□□"
"1000","<s>□R□R□□□□□□RA□□□□□□□□□□□□□A□□□□□GW□□□NGS□□L□□LV□VG□ARSL□LL□AA□CR□PRA□□□□NSI□□EED□FP□DL□F□TV</s>"
"1100","<s>M□□□H□□N□□□□VG□□CD□□□□□□□□A□□□□□□□□□□□TGV□□□□L□VTV□AI□K□□□KLAGVPRSF□□□S□II□□MP□□SE□N□T□□□□□□</s>"
"1200","<s>M□□□□□□□□□□□□□□□□□□□□□□□□□□□Q□□□K□□□□□□□□□□□□□□□□□DC□□A□□□□□□□□□□□□□□□□□S□Q□□□□□□□□□□□□□□□□□V□□□□N□□□□□□□□□□□□□□□□□□□□□"
"1300","<s>□H□□□□□□□□□□□□□□□□□□□□□□R□□VG□L□T□□□□□□□□□□G□V□□SF□G□□V□F□R□□□KL□□□□GV□□E□□N□M□□DVE□□□□□□□G□I□□□A□□□□□□L□□□LGDD</s>□LSSSVLLRR□"
"1400","□□□□□□I□□□□K□□□□□□□□□YI□R□□□□□E□□□□□□□□D□□□□□□□Y□□□□E□□□□□□□□A□E□K□□□D□□E□H□□□□□D□□D□□I□□□□□□□□□□□□□□"
"1500","<s>MEQ□□□I□LS□□□□□□□□□Q□FRK□□□□□□□□□□□□□E□□GV□□□□F□□□TK□SL□□□□□R□DP□□□□G□S□L□□□□L□□□RG□VDNKQAV□LK□PGNS□ELA□RIDEAG□S□ARQNSR□□N"
"1600","<s>□□□□AR□VV□□A□□□□□□□□□□N□V□□□□□G□G□R□□□□□□□□□E□□VRCPG□□F□□□EV□□□□□□GD□VGF□IT□W□□□E□K□□□□□□□□□VS</s>□□□□"
"1700","<s>M□DH□□□AQ□LF□□□GHV□S□□□F□A□RKTR□□ERDA□□□□□T□□L□P□□LE□RL□V□□□IVA□V□□□VS□TLERPG□L□E□□□□F□□□</s>"
"1800","□M□□□□I□□G□□QV□□□□□□□□□□RXR□E□□□□□□□□□□□□□□□□V□A□A□□□A□□□□A□□□□□□□□□□E□□□A□□□□□□□□□P□□□□□□M□□□□□□□□□"
"1900","<s>□RH□□□□□□DE□N□□□□□□□□□F□I□T□□□□□□□□□□□I□G□□□G□R□□□QA□□E□□□DR□□□A□□□E□□H□E□LD□□□□I□□□□S□□□□□I□D□□G□</s>"
"2000","<s>M□□RRTKKKLTGRV□RVGF□RWQKQAVEC□MGGYV□□L□NGEVEVEVLGQGTH□S□VERLL□QPGPG□DVQNFCHE□PGLRGYH□FAIG"
"2100","<s>M□□□VGFVFVTG□□QG□□□FW□TNR□□□QKDLSGY□NKNPGA□RLV□AGDEDA□□□EF□KWL□GGPSR□□REQVP□□□LEAYG□□□□G□□□V"
"2200","IMD□L□ARV□F□IGGR□□□□VT□DY□KERY□□IGVD□□V□N□ETGTVVEA□□GVWAT□A□RILYLS□SR□RPAIVDH□K□LRE□□G□AA□GCRR□H□E□AQ□□I□GE□W□LT</s>A"
"2300","<s>MEC□HI□□□G□□□VGFG□□SVEQ□L□□□G□□GQ□CNL□DG□VEEIAY□EPA□QL□F□RWMREGPSFA□□□□□S□S□I□□□□□KQ□F□□Q</s>"
"2400","□MA□□□□E□□□□□□□□□□□□□□□□L□□S□K□□□□□□S□□□F□□□□□G□□□□□□□□□□□□P□□□S□Q□V□□V□PY□□□□□□□□E□□C□□□□□□□□□□□□□□□□□L□□□□F□□Q</s>□□"
"2500","<s>□□□T□□□□□□G□□□G□Y□□□□□□□□□□□□□□□□□VT□R□□□□□□□□A□G□EV□E□M□□□W□□□S□R□□RVDEAS□□D□□ADT□□□□□□R</s>□□□□□□"
"2600","<s>□I□□□I□□I□QR□L□□□□L□□F□□MSA□K□L□□□□□G□VRNA□□DGS□AEVHQEDAEV□□LH□□M□QP□SVMA□□A□□□L□I□□□S□□GFE□R□</s>"
"2700","<s>MS□□□□□ASI□□□□SG□□□□V□E□Y□T□QV□A□L□T□□□□□ELGD□QV□□□□AGVP□□N□NKW□□□□□□ESGVRGT□□□□□RE□□□□□□□□□□I□L□</s>"
"2800","<s>MTVQ□□FL□□GLVQGVGFRYSTQRQ□R□LNLAGW□RNTPDGRT□□LRVGEEDDVEQL□TRWH□GGPAAAVTVSVARRPRPAL□SALE□FEVFAY</s>DHDH</s>"
"2900","<s>MSE□RRAV□□TGRV□GV□YR□WT□EHAEK□GLSGWV□NEPDTTV□□V□QGPRVHLAAL□RMC□TGPTRARVQEVTV□VERP□DIS□F□□ER</s>"
"3000","<s>DS□□□P□AL□L□□YFRD□□EKL□LL□□AE<s>NL□FSGV□□V□□□□F□□QG□EIGMLAHHK□K□NGWM□FVK□QG□NGQL□LDKKRAVSSMVNR□LNSPQSRM□LNE□FRNHSFEIFSSGDRR□</s>R"
"3100","<s>MY□MAIS□VFC□□EE□□G□□□KR□FPLSY□LTVKV□□□C□□□NQ□□□□V□□KYT□LGQ□L□□□G□WK□□□GSPS□RTQLQVMNVLTPTDKY□H□□SKV</s>H□E□□DSIKNPDIMPLYH</s>R"
"3200","□M□□L□□IA□□□Q□□□□□□□V□□□□EL□□□□□□□□□□□□□□□□□□□□□□□□□□AIAT□A□□I□□□□□□K□□□T□I□□□□EPDV□□□□□T□□□□□□□□□□□□□□□"
"3300","<s>MR□G□□□□□V□□YR□T□□□□AS□□□GR□□W□□□R□□□□□□V□□□EE□V□A□□□□H□EGD□ANR□□R□□□□D□YAG□A□□□□F□R□</s>□"
"3400","<s>MTGEVQVLTAWV□FP□QG□GFRWW□RCRALLEGL□VY□SNNAGDRRVLVIEGERKRGEDLLAL□□TKGTPGAVSDVV□EDVAQEH</s>"
"3500","<s>M□□IR□□□I□SGRVQ□□G□RYFAQYEARK□SLTGWVKNLPDGK□ELV□EGEQDSM□NFMVNKHNGT□YSQDIDIEEKTTEPEGSK□FKIS</s>"
"3600","<s>MM□□YASYT□HGKVQGVG□RYTC□IQA□□□LLLG□□RNT□DG□□TIF□SEDLNVLEY□SNLKE□VKGRSNVKVDLQAPKIFK□□F□I□□Y</s>"
"3700","<s>MKS□RAIISGKVQGVWYRQFTLRK□NELGLSGYATNLPDG□VEVLASGGDGA□ELLLTRRKEGSPLA□□KEVEQEQSEW□SLQGFES□TR</s>"
"3800","<s>MNK□GRCIVTIAGV□QGVGFRYA□KRRAQL□□IAGY□RNLDDGSVEVVACGEPEAI□□FVDLWQRGPPFAKVETVESATEKGDVE□FK□GFE□□N</s>"
"3900","<s>MTGV□AF□SG□VQGV□FRACVQRVAGY□NLTGWVENM□DGN□□GQEEGDGESLDVFLE□IK□SPKRAINSIKGN□FIELIG□SFKKFG□"
"4000","<s>MQEN□HKEVTVQKH□VLGTVQ□□GFRAQT□□RQSQ□□□□SG□RNRSNGEVTQVQEGTRG□VQRLIDLL□R□GSPG□A□RRVDVQW□Q□LTGE□□□EGEG</s>"
"4100","<s>MKQRVRRDRVGSKGRVQG□K□RHYQVTIAR□LGLKGFVCNLANGTVHLEAEGDRDQVDEIVQKLGNLPYERVDHIITASIPPPQEFNAFSVR</s>"
"4200","<s>MKPHQHRLHAVISGKVQGVF□RRHTQDKAMDLQITGYVTNNPDGTVEAVVEGERQALEQMVEWCREGPPLA□MAVEVRWEELEGFYKGFEVRVG</s>"
"4300","<s>MAAL□LR□□GR□QG□□□□YWVRGK□□ELG□TGWV□NLDDGR□□□H□□AT□LTL□ALRAAC□HGPPLA□□TQMDIR□SEA□G□□□F□□I□Q</s>"
"4400","<s>MKPVC□IKILGDVRRVF□□IATFILAM□L□LQGK□WNEIRGPV□ILI□DSEDNIT□□M□VENILPPRDVRISKIEEPKETNGHTAKLTGMYEKSKNPVEICSLYLISFEEIEKKAYERY"
"4500","<s>MAEDCR□C□HTIIRGRVQG□□□RDAARHDAT□LG□CG□VRNR□DGRVEVL□AG□Q□□VD□LQKWT□□G□PFATVDEVNSVSITVLR□□LEGFSDESDERI</s>"
"4600","<s>MSFWR□FVE□RGRVQGV□□RYR□HKQADRYGVSG□□FNLPD□□□EG□AQ□RPD□□DN□LDAVKEGFPGA□VDSVRKED□K□LERSNG□ATVTAFAGFRLTD</s>DSY"
"4700","<s>MKLTKNVRHGRCIGIQGV□N□YLYSRKASLLGLRGYEMNNTAEGVVELCSGNRTEQIDKLPEAEEGPSMSFVKTIWTLNLEWDIQQYDTFEERNFS</s>"
"4800","<s>MAIQLSINFEVFGKVQGVFFRKCAVMYAKS□NLTGWCKNTSDGTVKGLIEGSAEVVYKMLEWLHKGPSLAAIASKIKHSHEVTNEFNEEFNEKIISSERPQFTQRCSRLDNSF</s>"
"4900","<s>MGPIDPKPGTDGPAVLRVHATVSGRVQG□FGAETVARSAWGISLAGSASNLDDGRVEVLASGRREILDALARWLRERPAPGTVGRAGDQVRIG□ELGGVG□I</s>"
"5000","<s>MTSPVHLLIEGRVQGVA□RRWTQQAAKSLGLGFWVRNLDGRVEAVFDGKVGESVRAVNDCRRKGPVVRVEGPADQQWEDVGSDFNKF□IVWTF</s>"
"5100","<s>MNVCVRFLVQGRVQGV□FRESTTSRALELGVTGHARNLPDGRVEVLACGPEAGLHRVQAWLREGPPSAH□TNVDAQELEPQDEHPWG□VTVPAR"
"5200","<s>MKGKLKLHVIFYGYVGGVG□RFQIRLMVAE□GLRGYSVYLPNGKVVEEAYGSEESI□EKFIKEMMRGPYEAIIKVTVSFEYYDQIGFPIFKFYN</s>"
"5300","<s>MNEDVRMTAWVRGHVQGVGF□WFTRARALEIGGLTGFAQNLGDGRVQVVAEGRMENCQRLLDWLRSGDTPGRVDGVVEIWDTPRGGYDGFAIR</s>"
"5400","<s>MPVLISVRVTIHGRVQG□□YRAWAKEAGRLSGVTGW□RNRPDGTVEVVF□GPASMVEEMERRC□DGPP□ADVERVDVLPMPS□CSGCRKGSFQ□□HG</s>"
"5500","<s>MIRYD□LKSGRVVQGVF□□NCTRFAKAELEIVGWRKNIDDKTVEIHAEGDKQLADRFISWLHGPGDQAQIRVDIIEDIKRKNVFSFSVPFT□TG</s>"
"5600","<s>MEAKRI□FKGRVQGVG□□□STKM□AQSFS□HGWVKNEADGTVIV□AVGN□DQIDAF□Q□VKESPSPF□VKKEVVETVRPLPE□RKKFEIVR</s>"
"5700","<s>MAD□IREHIF□SGFVQG□GF□Y□SKYLAA□LGLTGW□YNEWDGGVTMELQGTDNQINMLLLALQNQFVRIEERITR□ISPLREEEDFES</s>"
"5800","<s>MKHVNIRVTGKVQGVF□□ATTQEMALQLGLKAFVSNEANGSVYIEAEGTQETLEQLVDWCNKGPEGAKVTSVSLSEGELQNHYTSFEVRR</s>"
"5900","<s>MEDG□□GVRAR□SGKVQ□□□Y□IWARGIAA□LGLLGWVQNERDGS□TA□IAGADAAVTTMIER□□QGPAGAAVDGVDTEE□T□Q□N□TGF□I□V</s>"
"6000","<s>MTEVEARRFVVRGRVQG□□FRYFAQREARR□QVSGYVRNPSDGSVEVVAEGEQRILEGFLDWLRSMGPMPGIVRGVEIEASTVPGFVKFGIG</s>"
"6100","<s>MEIDNLRRRVWADDKARSAPFPEEHLALTVQVKRWNLVFFPRMQAVGVGQEAHA□□LDHGYVDNLY□VLTNGPEYLQIMKVVEMISGPQGHLELKVEVTPAVDLGLGPEPGRXSCT</s>"
"6200","<s>MSGLVT□A□□□□GMVQG□G□RYSCRSE□□E□GNGYA□RNMDDGSVEV□□CDAAHAVQTL□VWKEGGPRRA□VNDVLVE□□YMPHR□□KNFR□RY"
"6300","<s>MVRYR□□YSGVVQGVGF□□□□□RLGRGLGIAGW□RN□PDGRVEIMVQGSKELVEEFIKAIE□AFYPYINDNLETEWVAIGTFNRWFVV□AG</s>"
"6400","<s>MTSSVALHVTFFGKVQR□GFRYTTCVIAMQ□QVSGTVRNLPDGNGVECN□QGEES□CEAFLDALEQAMRGNFRSTEIQTGDPLPFRSFSIL</s>"
"6500","<s>MKKHELIHYGTVQGVGFRWTAEKKAKSFEVKGWVKNLEDGTV□VTVEAEEEDFNKFLNELNKSQPFSRIDDLEEYKSIPAENFDSFKVIKK</s>"
"6600","<s>MQK□KMIVTGRVQGVGFRWGVYS□A□EIGGIGTRVWNNDDGTVELLAQANDSTLMAKFEEEI□□□TPPFSS□VYLDVKMANFD□SDFKKMAN□</s>"
"6700","<s>MSDPFRPRV□KHIGDYG□□EPVKET□VR□LIELVR□□□L□SGQVQG□R□R□TEVTA□E□LRLS□□□RNRSDGEVCLTVAGAAEAIAQMKLWERWXGPAAGVEVEHIR□REDPAQGEGFGQVR</s>"
"6800","<s>MAETHENPEHVLCRVDGHVQGVFFRQSTRQAASRFH□□G□□RNLADGSVQVLAQGE□AALAALREWLGRGPQGARVQQVLGQV□DFALPDD□□FEISG</s>"
"6900","<s>MMAIV□GRVHGVGFRYSCEYRAIR□GVQQGVRNR□DGS□EGIGGGDRT□L□DLIRAGWSGPPHA□VEGREVRYDQDGD□TEGILRSSE"
"7000","<s>FGSMFFTETEMVTLAVI□DGRVQMVGFRYFVTKEGQELGINGEVKNLYDGSVEVIAQGPRQQVARLKFSKSSAMLVVKVETIIIFSSVTSKDFHESKITHFA</s>"
"7100","<s>MPEDSSTATVARRLRILGRVQGVGFRYSAVEHARP□EVSGWVCNRMDGSVEAVAAGAQAHLDDMIQWLDRGRYWADVAEIAEQRATGIPELDRFISGA</s>"
"7200","<s>MTRDLKTRRAEILVEGLVQGVYFRATTQHVAEILNLRTYVKNLEDGRIRVLCEEEEKAVNDIQKWCYNGSGLARVKEVDIEWEEPLGEFDGFSIR</s>"
"7300","<s>MTLTSRKWRVEGRVQGVCFRRYTRALVAELGIAGYVRNLPDGDVEVYAEGTASTLEELAGWVHEGPPKALVETPFRVEAEEPHEGTMPGFDVRG</s>"
"7400","<s>MRCRLV□SGKVQGVFFRSWTREVAER□DILGWVKNLLDGT□EAEEEGKKSILNKFTEELKEGPKRSARVEKVVTHWEKVQSKYDAFEIRKNSESCNIDIN□VDDM"
"7500","<s>MLITKAVTITHGRVTG□□F□YSTRLNGA□KYSLTGT□NNE□NGDVAMEVQGEPNAVAQLMTLLHSSF□ERFVTKLEKFVTAPTKEYQ□FDVL</s>"
"7600","<s>MKPDTDDTLHTRLLRIVGRVQGIGY□QACLLVLTARQITGWVRNRMDGSVEAVLLGNPKQLLQCCDWLIDTHPAALVDDLELTVVNVPLARFD□FDILKPTA</s>"
"7700","<s>MTDRTRARVVVSGTVQGV□YRATTREAAREKGLDGWVRNLADGRVEAVFEGPEPAVREMVEWCHTGSEAAEVDDVDAEFEEPTGEGGFEIRYE</s>"
"7800","<s>MGLRKRPARGFPARPSAAVGPAAGPGRAGEGFRMI□RYPG□□G□RN□E□DS□RL□□□EPIGRR□DGSVS□EVTGTAR□ALAGMKEKLRHGPPLARVDKVVSFALP□R□WERGPI□<s>L□E</s>"
"7900","<s>MKRLTFTVKGKVQGVGFRAFVKDIAMKIGVKGYISNLPDRSVEIIAEGDEALLESNYLDLWSSPERVVIDAVFVLEEKPSGAFETFLIH</s>"
"8000","<s>MLRAIIYVSGRVQGVGYRYFVTRIAVSIGITGYVKNLPDGRVEIVAEGPEEDLKRFLRSVNRGPTGSRVQNVDVTWGEAKDEGYREYESRF</s>"
"8100","<s>MVRGTYAVGQRVFRAGWARQA□R□DGVTGWVRNLPDGSEERR□RG□PEEAEFAVEARGRGPRPSRVGEVDEEE□LPHIDEGFVV□H</s>"
"8200","<s>MITQTHVIVRGRVQGVDYRDWTKMEADRLGVAGWVRRRRDGTVEAVVAGDDTAVTAILDACRRGPPMA□VDDLVETAAGEEDLAAERSAGFRV□PTV</s>"
"8300","<s>MAESRICRHLTIRGRVQGVWFRASMRQEAGRLGVRGWVRNLPDGSVEAVAEGPPSAVDALIAWCHEGPFAARVDGLD□□AEPPPDGRFGPFEVR</s>"
"8400","<s>MLWWQIQVYGRVQGVMYRRFTCRKAHSLGVKGWVTNMADGSVSVIA□GERDDLEALFNALKGGPLLAD□GTTVINHTNSGMKKTRSFKIKY</s>"
"8500","<s>MASPLQQAPGEPQPCSVHPHVRGRVGGVW□AWSQARRAGIGGLDGHVRNLMDGA□AVVAQAAPERVLDAVSWLNHGPPGPPRASVEAVSSEGEALPPGFVF</s>"
"8600","<s>MTDPDSVVSPTKTYYVRIHKVVEGVFFRQATKAVAHLLGVRGWVRNDIEGSVKAIIQGPPKQVDLFLAWCVHRPGERRDPSVSGEEVKEELRFDFQL</s>"
"8700","<s>MSAEAQLGAVDYEYFGRVQGVCFRMYAEEEKRKCGVVGWVKNTSVGTVSGQVQGPEEMIKIAWAWLSKVGSPRWREKVTFNTNQKSIEKLDFNNTY</s>"
"8800","<s>MDDDHK□VRAH□YGKVQG□GFRWWA□NQAR□□GLTGWVRNERDGSVAA□IAGEDTAISAMTER□□KGPEAGSV□SVETKETAL□D□PVDFR□□R</s>"
"8900","<s>MKK□Q□□IKGKVQGVYFRSSTLKKAL□LGIKGWVRNLPNGNVGIVAEGEETLITKLEKWCQQGPPLANINVQKVDWEGEDEFESFKS□□LY</s>"
"9000","<s>MFKHLKLKLKILGPSVEYEFTGYEKGILKVEQTGTIRYHLGFDGVVQGVGFRFRSAMLASQLEVTGWV□NDPDGSVEMNIQGEPEKIDRLKEALKRNGFIEIDHID□RLGEESKIYNF</s>"
"9100","<s>MPEECSVGANFGRLCGIDAAYAVWNSFAGHEPQVRRVARVTGSVQGVGYRRAVRQRAAEVGGTGWVRN□DDGSVEAIVAGRPSDTERMVTWLRFYSRPPPGHITTSAGSQEGAGDFRIRR</s>"
"9200","<s>MVARLIQVCGHVQGVGFRRFVEWRAQRLG□IGTVTNKATGTVEIHAQGNSAQMEHFIAQCKVGPSPYVKVQDIEEYNINESLLPIFNVLY</s>"
"9300","<s>MWSFRIRLRPVFGRFFTSASPGSKKGSEVDLSIKDYVRGEVKGKVFGKMFRMHGKRGGLVGKVENTDNGYVVGSDQGVKDKMVKEKGTPLK□RVRLLLVGSSEPRLPLKVDYTFESPAKEKK"
"9400","<s>MTERKAHMYISGIVQGVGYRYYAKLVAEKLGIRGWVRNMADGRVEITAEGTAHSLETFVSELRQGPRHA□VDGITVKYLDPSGSISFKVLN</s>"
"9500","<s>MS□VCIIAWVYGRVQGVGF□YTTQHEAQR□G□TGYA□NMDDGS□EVVACGDAAQVEKLIKWLKEGGPRSARVDKILT□□H□PRE□LTGFSIRY</s>"
"9600","<s>MNSKSERFLISGIVQMVGFR□HTSHQGLKLGLTGYA□NLNNGDVEVLVVGSEETIQEFFEWNVEGPKTASVSQSQEQTANFMRYDGFSID</s>"
"9700","<s>MGLLPVSSSRGQKEVTEPELRVRLIRHGRVQGVGFRWTAAWM□RLELRLSGWVRNVPSGAVEVAAGASDEVEEFVFKELAGKNGPAAHAVDYEEYRRHEPDFQ□LGV</s>K"
"9800","<s>MA□KL□□YGRVQGVGF□AF□QRQAR□LDLDGWIKNKSDGSVEVRAEGRHSDLNKLID□LKHKFASARVSIV</s>KNAIE</s>"
"9900","<s>MT□DSRIVRVSGKVQGVSY□GTTQEQARARGLAGHVRNLEDGSVSALFTGDSEAVDEMTEWAWSGPGRANVETVIVD□TDEPSPPGFETDR</s>"
"10000","<s>MRKFNVEITGKVQKIGFRSFALERARKLGIKGFVKNSPDGSVYIVAEGDKDDMDKFLEWCKKGPSFAEVQDLKVREAQKMYVEFTIEK</s>"
"10100","<s>MTARR□LVSGRVQGVGY□DFV□E□AR□□GIAGWVRNLRDGRVEV□AAGDTGALAALVR□LESGSPLSRVDRVEATPAGGDRTQPGFKR□ATA</s>"
"10200","<s>MGTDEPGRESAS□LGRLHIR□HGRVQG□□□RASAREQALKLG□□GRVRNLSDGTVEACFEGDEERV□DMVSWCRTGPAHAVVTDVTDSGMVEA□I□GF□TR</s>"
"10300","<s>MQEKYLVSRHVPSFRIPVAGSVQFTGFRYMQKGDKNGLVGWVRNRVSNESDGVISVTCTEKGFLIKFYNRLVRPNPREADLRIESPCRVSEVTEDEVVESGAGF□□R</s>"
"10400","<s>MKTIHIIVSGIVQGVGFRWFVVRAAIKYNVLSNNKNKNTGSVEILVSMEETFLTDFLASCKEMPSLSNVREQVQDSQNGKHHDDFQILE</s>"
"10500","<s>MS□KCVHVKAHGHVQGVGFRYFTQLQAL□SKICGWVKNCLD□TVEMLIEQGADVAEKFIDELKQSPNSFGKVKNIYID□HWEGYKG□YRFQ</s>"
"10600","<s>M□□□C□KCYVTGKVQGV□FRYSTAIH□□RLG□TGY□KNLPDGRVEV□MCGEQEQI□ALCTWLWNGPPLA□VVDVWCVSEL□QDY□D□DIL</s>"
"10700","<s>MTSEQLTVHVIVSGRVQGV□FRANTRERARSLALRGWVRNLPDGRVEADFEGPRRGVEELLDWCGTGPPRARVSGVVVDASDARG□FDGFEITR</s>"
"10800","<s>MPERVNAKDENLKNLM□RV□VH□HGQVQGV□□RQATV□HAQILQIRGW□RNREDGAV□□LFEGP□□□V□EITRWCQRGPDASSV□QVTSVE□ATGMPDRGFRITYEESGQG□</s>"
"10900","<s>MFKSEWSPDTAMKPDGHAVEKVQIG□RRASRWEPDLVH□L□□RERA□T□□□ILEVEGWVRNVDDGEVQVLISQNQKVLAEMLLAMDLTYQIPGAHIKGPDNCHTGEMRFVRI</s>"
"11000","<s>MKVRAVILISGVVQGVFFR□EARHLALR□GVSGWVRNLPSGQVEAVFEGDEKTVGEMLAFCRQGPAGARVDACVHLWEPYRGEFETFRIKRG</s>"
"11100","<s>MQRIRV□VSGRVQGVFY□AQAQETAKVLGLTGWVKNLPDGRVEALFEGSPPQIEQMMRWTKTGPVAACVDNVERIAEGAEGTEQGFRIA</s>R"
"11200","<s>MAPDLDDRIETYYARVRGTVQG□GFR□AA□RQAH□LG□KGWV□NLDDGSVEAMLQGSANQIDRMLSWLRHGPPAAHVTEVSGEERFTEKRFERFEQH</s>"
"11300","<s>MRSIR□TIHGRVQKVGYRYFVRSTAESLNIAGWVRNKPDGTVQV□ARCPPDRLDRFASELRRGPEVA□VERIEERSEDTLEFSGFTEF□VLR</s>"
"11400","<s>MPKVQTVRIAIVGQVKGVGFRAWLQRKGRTVAWVGKVENSYTG□VHVISTGPEYVVVERAKECLNGNLSLSLTPTNTDRVDLVEFLNGQIDVVTAVPF</s>"
"11500","<s>MKFIHITLFGRVQGVGMREFIWREASKLGIKGYVKNEPDPSVSIEVR□FEKEREEAFLLTLEKEGPVGRKFEVIYAENRKAPSPFDNFSIE□Y</s>"
"11600","<s>MYSPLS□AMTQDYITLLGIVNGVGFRH□FVWHGQRYG□IRWVCNQLRGHV□ILLTGERSEIDGLILEAKKGPPRA□VQSQADIFESREILL□□RDGVEGFQGPPATI</s>"
"11700","<s>MIPFRGNFESMTASIVSG□VQGVGFRPFTQLYARSLGLNGWVRNLYDGRVEVLAEGKREVLQNFVTKLKTGPIRSIVRDLEVVWNEVSHTFTDDRFVIR</s>"
"11800","<s>MISRH□TITGRVQGVGYRWNTK□KADALGVTGWVRNRKDGSVEVLLQGSNAAVNALIGECESGP□KA□VKAVFVETDDEDDG□KAFEVRPTE</s>"
"11900","<s>MIT□□IRVTGRVQGVG□RFMTKM□ADNLGINGW□ENKNDMS□□IAAQGQEENV□KFIE□IKHS□SPAGYVRH□DVVILPN□DKFRNF□VLN</s>"
"12000","<s>MSEDVRLVVWVRGHVQGVGFRWFTRARALEIGGLSGFALNLADGRVQVVAEGPRAVCEGLLAWLLGADTPGRVDGVTEIWDTPRGGYDGFAIR</s>"
"12100","<s>MIGDSDVSYFAWVHGHVQGVGFRYWTAHQALELGLTGYAANKPQGRVQVHVQANKDAAETLLDRLESGGSTPGSVDKVDIKWQPRGDYVRGFVT□</s>"
"12200","<s>MRLYLTIYGRVQGVGFRAFVYKKALTYKLSGSVENLINGTVKIIAEGD□ASLEKL□EEIKNPISRSWVYDLEIIEENNENFNKERIEY</s>"
"12300","<s>MM□EYHYFVSGKVQGVWFRKFTAQNAKKLGLKGWVRNLDGGRVEAKIQGTKEQSKKMEQILQKGSPYSRVANIEISELNSKYFDDYNDFKVKY</s>"
"12400","<s>MHQMRSVRAVVSGRVQGVSF□YYTRRRAN□LGLAGHVRNLADGRVEVVAAGGRDALEELIAFLQKGPPAAEVTGIITTDAREEQLYRGFDIMPA</s>"
"12500","<s>MEQYGKIKGEVIGKVQG□GF□PFA□HQA□R□GLTGFARNPGN□YVEVA□RGDFRDR□TTFSEKAFDGSPNSSIQN□EVDCLAGNGRVDRLGQR□MPSTVRFDITM"
"12600","<s>MVSGRVQGVGFRQWDRRE□□□AGLALWVRNRPDGSVEAILQGAPAAVERLVRRCRSGDEHACVSGVEVVEDATREA□AFGVRG</s>"
"12700","<s>MRDHGQIVIVRVAITGRVQGVGFRAFVWQHARRLFVKGFVRNRVDGSVEASCFGSHVAVVQFVQLVVEGPAYFRRESMDVQRIDTIEEPEGLIRQSFEFPGV</s>"
"12800","<s>MHRRPRPCLGADRFRFLPNRNRLTRALRLTVW□HGDVQGVSF□WST□□RA□ELG□SGWVRNLRDGRVEVVAEGPAIAVEALLQWLRVWCRGARVDRVVVEESPTTPG□RGFSERP</s>"
"12900","<s>MNSQRLKILVEGKVQGVNF□AYTAKA□Q□LDVTGFVRNRPDGSVETEAQGPRENLNEFIKWCRRGPPLAEVTLVHISILEFQPNEVRFDVVR</s>"
"13000","<s>MASKAVHV□□RGRVQG□□Y□VTAAERA□□YG□TGWIKNRADGSVEA□VQGDETEVADMCDWMR□GPQGAGVLDLEATEGALIS□DTH□QVRR</s>"
"13100","<s>MKAAKLEVEGVVQGVGFRANTRDKAISYGVTGYVKNNDNGTVTIHAEGKRTDAIPNIEDAIRKSPTSYVSRVYFEDVEPSD□FKSFQIRY</s>"
"13200","<s>MGRVQGVQ□□LFVRAQ□□RLRLGWWVRNTQLGAVEVLLCGRGQ□LDEKRDLIIWGPKVSSKVKMIDDLYFGRHCQETR□</s>"
"13300","<s>MNAQKPVTRRLLIDGTVQGVGFRWWV□SQ□RRLGLVGWVRNTGDGRVEVVAQAPEER□ERLETLRIEEPLGAVRSGCEETAELRWGEPRGVTGFAVLRD</s>"
"13400","<s>MIRYFAIVEGRVQGVGFRYFVQHEALKLGLTGWVKNLEDGQVELEVQGNDESVKMFLDTIKKGSLFSKVTSVQMEKLDVIPHEKRRSIIY</s>"
"13500","<s>MTNEKQCLRCFVSGRVQG□G□RYATLRQ□GKLDICGYARNLPDGRVEVVACGLVQQVAQLCAWLEQGPSRARCVSKVCVPEWQAYSSEGFG□C</s>"
"13600","<s>MDTRVRAHVFVSGTVQGV□Y□ATTRDAA□ERGADGWVRNLDDGRVEAVFEGPEGAVRDMVDWCETGSPAAEVEDVDVEFGEPEGVEGFGVRW</s>"
"13700","<s>MRQIMISITIRLRLVGYGQ□ARERRLRTSSAGTVRNRSDGSVELRAEGRAKAIERFLEWCRKGPRGSRVDFVSASATEATGADRFEVLRRD</s>"
"13800","<s>MNKSIILIIQGGVQGVGYRRWFYQQAQELELTGYVKNLSTGEVETVIVGDFDKIQEMIQRSHTGPSRAEVQHIEQSEDKNELEHFQSF□IK</s>"
"13900","<s>MTPNEDDARVDAWVRGRVQGVGFRWWTRARALELGLDGSATNLGDGTVEVVCQGPAEAVRQLEALLGHGDPPGQVDPIDTAVSPLDESLPRRGATGFHIRR</s>"
"14000","<s>MGDDVENWTTSGTTRESSLEYVKL□RLVQTKVNGRVFEGVYD□RVWTRASRTALTGRAELWPADS□ELERMLPAEGQVAESSTLCCRGLGANVDALGVVAAEIEKVF</s>"
"14100","<s>MVQGN□FRATCRQHARKLG□□GWVRNVWDGTVQVVA□GEARM□□LL□CCE□TGPDADVESVTRECRGLVMHEVRSF□IRWQV</s>"
"14200","<s>MRRRGARFGHETGARSGRPHGRRVRKVEHGRKAW□TKTVFGRVYRND□F□AFDLRGR□NGWVR□□VEGSDGDVQAVFGKREARLDAACRVDREERLVTPLQCMVQWESDER</s>"
"14300","<s>MTEKSKYLRVTGMVQGVGFRW□FQTKANELAIKGTVRNLVDGSVTIEAQGEPEEIEHWIEIIA□GNGMPSIIGMVEKELTPLSNTWTSFGV</s>"
"14400","<s>MSDQKRSHSAEIRHVIIHGRVQGVGFRDATVRIALQLDLVGWVRNMPDGTVEMIAAGPVDQIDRLLSWLRRGTEWASVKRVTVSTVQTERAFNTLQQ</s>"
"14500","<s>MSKVCTIAWVYGRVQGVGFRYTTQYEAQKLGLTGYAKNLDDGSVEVVACGESGQVEKLMKWLKSGGPRSARVDRVLSEPHHPSGELADFRIR</s>"
"14600","<s>MIKVHIVFFGRVQGVGFRYVCESIASSYKVTGWVKNLSDGSVEMEVEAEEETEKNFFNNLESSQFSRIKNYETEIIEPVGTFKDFKIKY</s>"
"14700","<s>MKVQLDRFTIIGRVQG□GF□YSHAHYGLKLGLSGYAKNLSDGDVEVLVCGKSDKIEEMFEWLQQGPS□ANVNKVTRLSCKIDSECRTFQIE</s>"
"14800","<s>MDFRVHIIVVGRVQGVGFR□FTHKLAVRLGITGYVKNLPNGEVEIEVQGRMETLTEFKDQVLKGPPPSRVTNLNITVLEVK□DEQRFMIEKWT</s>"
"14900","<s>MSDDDKAVRVRISGKVQGVGFRMWTAAE□□LLGLTGWVRNEEDGAVVAVIAGPSGHISTMIIRFRRGTPGASVSGVETATAALVKKPVHGRIRR</s>"
"15000","<s>MSDKRISFKVRGQVQGVSFRYFTQKQAKSIGVTGFVTNASNGSVQAEAQGTSSSIQKFIQELNRGPSPAQISHVHVEYISTKSGEGGFQVK</s>"
"15100","<s>MKIECNLDKHLHIIVTGRVQGVFFRLTI□KLAEGHSVFGSVQNNERGEVQIEVRGLDAVLKHFIEGQQSRFDGSMIKGFHEWMGGSSPPLKSFQVDV</s>"
"15200","<s>MTQIKCVKVVITGQVQGVG□RFKTQAEATRYSLTGWVRNQADGSVEALFSGSQKAIDAVIAWCHQGPPKSRITDVKIYEQYTPELSNFDIRF</s>"
"15300","<s>MKRIRKQITFAGHVQGVGF□YKARYAAQSLGLTGW□RNEYDGTVTLEIQGLEPLIDKMLGALQNDRFIEIDWIRKREISLDEENKFFEVK</s>"
"15400","<s>MAEKEKIMSVDFEIFGKVQGVFFRKYTEAEGKKLGVVGWVKNTEAGTVVGQIEGPQSKVDLMVKWLRTTGSPMKSIDKAKFSNERVIPHLEYENFSKDK</s>"
"15500","<s>MNELTSVTFRVTGRVQGV□FRYYTSQKPKEFELTGTVANTAEGNVVGHVEGGRESVEELVQFALEGPPMSRVEVKLQKSQQAIGEATGFSVFRIL</s>"
"15600","<s>MPTVQFLVHGRVQGVCYRAGARERAEELGLDGHANNRQDGSVEVLAQGSASQLEALLQWLRQGPPAALVERVDVEAHATTAAVVGFTTG</s>"
"15700","<s>MTDRVRAHVFVSGRVQGVYF□ATTRDTAR□KGVDGWVRNLEDGRVEAVFEGDEDAVRDMVEWCHEGSPAAEVEDVDAEWEPPEGIEGFRVRWEEEDPDRIEGSEYRRERDKRYARSA</s>"
"15800","<s>MMRTVQHSQVQYLGLVQGVVFRRNTHQTGTGLGTPDWPVNDRQAWLLRPSEADRLLIDGLQIWGQHRTDPLIHDWEVSNTSLPEWRLKGFPVRP</s>"
"15900","<s>MQQDYFLVIFKKLHNF□LAEKQFVKF□ELNRIFFVIIKAGL□CLAGS□DLVIQGNFIKAS□KAEGKFDGVKEVSSLADGNSCMGYRIEICNLQY□IHVDDFIYCSSIIDKEISLGIDKSHIIYP"
"16000","<s>MHRAVRVSVTGRVQGVGYRAWTERKMRDLGLSGWVRNRRDGTVEAIFMGAEAAVESMLEACREGPSLAAVEAVDVEPAPGDPAPGFRVLPTE</s>"
"16100","<s>MSVMQWFIRGRVQGVGFRFFVEAAAERLRLYGFVRNLPGGRVEVVAAGSEIELEALRGMLDKGPYVARVDGVEEVEVPRDEQIAGFAIIA</s>"
"16200","<s>MSENDARLTAWVHGHVQGVGFRWWTRSRALELGLTGYAANLSDGRVQGVAQGPRDCGEKLQLLEGAVSPGSGRPRDADVGSAWAPPQERFEGFVFRMRR</s>"
"16300","<s>MIGEKNNSSDKPAVHCYVSGKVQGVYY□KFTRHEARR□GITGFVKNLFDGRVQVLACGSVEALAALQMAVDVGPSAAIVENVDCET□DPEQIS□FSIH□K</s>"
"16400","<s>MTQVCTAAWVYGIVQGVGFRYSTQRQATELGLTGYARNLDDGGVEVVACGEAEQVEKLIEWLKAGGPRSARVDRVLTEPHGAAPY□EFSIRY</s>"
"16500","<s>MAPDLDQRRETLYARVGGRVQGVYF□LATVRH□HALGITGWAANLDDGSVEVAVAGAANQVARMLEWLHHGDPLANVKEVSSVEGGT□QYERFQH</s>"
"16600","<s>MNESPLSRMRVNYSGRVQGVGFRWAI□R□AERYEVTGYVKNQPNGEVVLDVEGPKEDIVEFVAAIQK□MSDNIHNTQIQDWQPPV□FFKDFSIR</s>"
"16700","<s>MSDQEPNLKASIAAPPPQANAVTYPQHVHVLIFGEVQGMGFRYWTKEA□KKLGVEG□VKNRSDGSVEMIAAGRLESVEELLKLIKPVGSRSSKIESYESSRNEELPP□RRFILRT</s>"
"16800","<s>MHLEINCLIQGRVQGVMYRDFARREAKSIGLKFYVKNESSGSVTVHIQGEKFRVEDFLK□IRTGPLVGNGFTQLISTFLSLERHNEFNIIFE</s>"
"16900","<s>MSAFRFLIRGKVQGVGFRYFVVRCARSLGVHGFVRNLPDGSVEVRAEGPEGQLQQLIRQCETGPPYACVTEVERLELKAAGREPGRMSC</s>"
"17000","<s>MKYITSRFIVKGRVQGVGFRAFACEKAVAEGLWGWVRNLSTGDVELLASGDVLNVDAFRWMLRKGSPMLAVVESVESLAFEGTLLVEGDAFVKRIA</s>"
"17100","<s>MS□KCVAITVFGLVQGVFYRKHS□AHAG□LGVRGWVRNETDGSVKIEACGPATNLDALVEWCKQGPPTA□VTKLASADVPFDGHFTSFTIKY</s>"
"17200","<s>MSSEELITVDYEVFGKVQGVFFRKYTQAEAKKLGLVGWVQNTPAGTVKVQLQGPKNKVREMILWLKSTGSPSSRIDKAEETNEKTIDTLEHSSFTVIK</s>"
"17300","<s>MRVKLFSVRVYGRVQGVSY□AATKELADRLGLGGFVRRLFDGTVEIRAEGSIERLHEFLQWCRIGPSAARVTDVVLVESEPERTGGFEVRRQH</s>"
"17400","<s>MVKRVVYVAHGGQVQGVGFRYFTRKRAAEYSLTGWCRNTDNNKVEGEAQGAEDRIEALLRDID□GPRGAHVVDLQRESRDVIGDQAFE□RRR</s>"
"17500","<s>MIRITCTLTPTVFELVKRQPFLVKKKKAALENYRLYNRRKESEIGVHGFVEAQLASSSFSEKLVKAKVGVEPLAETYSFEVDSKKLKGLKLKLEEIGIELCIALLKTTFRVVG</s>"
"17600","<s>MMSAGFWRW□□□ELLQGVVGFVRNLDDGRVQGVAEGDRDAVLTLLE□KRSGGTPGTVTSVTSRW□IAVTGGRYTSFEVR</s>"
"17700","<s>MEVCVQVIFIGRVQGVGFRAFVDIQARRMKLKGTVRNLKEGNVEIQVRGEETRVQTFLKEVTSTLLKKITKTCQNGIEPLHQKLSQFAIVM</s>"
"17800","<s>MDAPAGPRRSSSATSPKRISRTII□GRVQHVG□RWTVLERAERLG□IAYVENNPNGGVGLLTEG□SGRVEGVLADLAKGPRSSIDGFTDVRVV□TDTEPNERSERILP"
"17900","<s>MSDSAKEPCVRCHIVVYGRVGGVGFRYFAVRSA□QADVSGWVMNLPGRTVETVVEGERLAVEDFLG□LRAPGAPYSSVEHVAEWSAATGEFTDFRIF</s>"
"18000","<s>MLFRIKNYIKAFHAQQQLQLPVTMAGVNPIPLTHAEVQFE□□GRVMRDWFRKRTKQED□KVGCMNTQNGTVQGQEHGEERPLQIIDQQIKHG□LHGHNIDASFSNSRENHLPIGFMYFSVR"
"18100","<s>MPEVQAQGQRVCYRCLVSGRVQGVFYRAFAQRMAMQLG□SGY□ENLPDGRVEVIACGEAGAEAALRWWLHTGPPIAEVTFVHCEPPLWQDYSAFEICS</s>"
"18200","<s>MHHNDLMPVEARVKLTGVVQGVQYRAITRSEAISLNLRGVKNLDDGSVELVISGPKDNIDTITNRLRHQGPAAHVTTESIEWQDDSRSCKSFKIVY</s>"
"18300","<s>MKGIHIIVDGRVQGVGFRHWTKQKADEEGISGWVKNNDDDSVEIEAEGADEVLRKFVSEVKDGPSRASRISDVFINLDRQLNNFGSFEIKK</s>"
"18400","<s>MKSITLVRAEVFISGQVQGVLFRAFTYHIASILQLTGWVKNRPDGRVQAVFEGQEDKIRQIIKSCQKGKPPAAVKDTKIEWSEVQGEFTTFKIRS</s>"
"18500","<s>MRIH□IVSGRVQGGYFRAYTVRKADQFGLSGWVKNVSDNSVEAVFEGNEDKIKDAINACHQGPKSAQVENIDEEKEEDKN□FLSFDRR</s>"
"18600","<s>MERYFVRYQGRVQGVGFRWIV□DAARRYH□TGWVRNEPDGSV□MDAEGPQISLSGFLEDIKHDYGHGNISSFRLNEIATGEFGFSIMRD□</s>"
"18700","<s>MRFARFFVTGAVQGVGFRYTLARAAEEYGIRGWARNLPDGRVEELAEGKDEDVDALARWCSWGPRLAGVDHVDRSDSSGDNLAFDEIAKGRKGGPRMIER</s>"
"18800","<s>MSVVAMRAR□TGRVQGVAY□TWARAEADRLGLRGWVRNEPDGSVTALIMGPEASVAQMVRMMGAGP□ARA□VDQLTEVPEPADGVTDFSITR</s>"
"18900","<s>MSSNAVRCLVTGRVQGVFFRASTREQAQRLGVTGYARNLADGRVEACAQGGSAQLEKFSDWLWHGPPAARVDLVTSEPVACEDLLASFQTEYG</s>"
"19000","<s>MNKGSGLCSVDREIQGHVQGCFFRKYTESEARRGGLVGWKKNTNHGTVQGQLQGPAAMIQEMKVWLEKEGSPSSKIAKEFSHQRPIDKLEHDFEFRL</s>"
"19100","<s>MKTIEKIRVHGFVQDVGHRGLFIDVPRNLGRKDFKDLRKTNKLESGWQVVFYAEKSSSVEKVYGDDEWVKIESNEKAEVFFKETMERGQVVLEMSIDLCVTLTEESF□DFRN</s>"
"19200","<s>MGESDGTVRLTVWVHGRVQGVGFRWFTRARALELGLTGHATNLEDGRVEVVAQGPRPACAALLELLNGGDTQGRVTRVDVSWSEPGDPIDGFVER</s>"
"19300","<s>MDKYNTNLRIMNRFVRIQGDVQGVGFRYRHVWTTAQRIGLNGWVRNRWCGDGEVGTQGDPDSLDDLINLCRQGQPGSSVTSFEDLKEKEQLEFDGFEILRDN</s>"
"19400","<s>MQKRAHVLISGSVQGV□F□DRTSRVARDAGVRGWVRN□PNGEVEATFEGEENAVARLAAWCG□GTTGARVQDVKVAWDVCTGAFTDFSIRYDTAEQDADGATERAWT</s>G"
"19500","<s>MVTLQIYISGEVQKVGFRNYTRYQAILFGLSGWVKNLPDGRVEVFVQGQETEIEKFVSLLLNNPGSSRLDIMKKEEIKGKEKYGFEIKY</s>"
"19600","<s>MKLSKHVRVSGRVQGVYFREATRQQALALGVTGWVRNRLDGDVELSIYGDDDAVEKLLAWCYQGPPQAAVEQVEAEPAGFEDWPDXFVIRPT</s>"
"19700","<s>MRAA□RVYISGRVQGVFYRAYARTRARELNLEGWVRNLDDGRVEAVFEGEESSVRDAIEQCRKGPKYSKVEKVEDHCESPTGDLSGFAVRY</s>"
"19800","<s>MNKRVHVTIKGRVQGV□FRSTIRNKARQFGAKGWVRNAPDGSVEVFIEGEEHDVKRMVDWCRKGTPSGAERVDVKNDTY</s>GEFTDFEIY</s>"
"19900","<s>MPDAKTFFLHGFVHGIVSFRVQGVQFRKYIQDLARSLGIQGFVRNLESGTVIMRMQGKVVDIDTIFLNVVKGKSEISNIEIELKNEKNKELKPGFIR</s>"
"20000","<s>MDFFGNVKSDGIRNHRPLP□RGPEGKSVVSVRKHVYF□GKVQGVGFRFTSLMQADRLNISGWVR□LEDGRVEMELQGAPDKINEFRRGLQQSPRASIVRMVRGMPITGGDPDGFSVAY</s></s>"
"20100","<s>MAPGDDRVGGVKAVRVRVSGKVQGVGF□AWVRRA□□ELGAAGWVRNAPQNTVEAA□EGPSDRIDELPDWCRRGSPAAVVDCVFVSDGDPEG□□GFAVV</s>"
"20200","<s>MPTQHLVVHGQVQGVGFRYHACLEAEQLGVSGWVKNKPEGSVEILASASTETLAQFGQQVKQGNPYARVQHIEVEHSERAQPFSGFTIRY</s>"
"20300","<s>MNSKVQFRVKVKGVVQGVMFRQTIRGLARRLMLNGWVRNDKNDGVNRVEGEEGIVVGLPDSFQKDKPPNADLEDVEVRLGKGKSAEEFKDKEVNSSGDA□MLNRR□VIDRCWEKALK□G"
"20400","<s>MNWSFNLQVHLFVRGRVQGVGYRAYVQNEA□RRELAGWVRNLPDSRVEIVAEGPEESVRELVESCKTPA□RRRTDGVDGTPIAATGRFSAKGVGGTHVGDFRVA</s>"
"20500","<s>MIKVDITVFGRVQGVGFRWTTQQLAMQLGLTGTVMNLKDNTV□LVIGGPPALLEKLLAELAYHGPHSIKVQQIDEKKDIDTQHFTDFSIRR</s>"
"20600","<s>MQKVRMIAQGRVQGVGFRWGVYSLA□EIGGITGRVWNNDDGTVEILAQADSSAIMAKFIQEIRKGPTPFSKVSYLDVKLSNFPPYSDFKVAN</s>"
"20700","<s>MPETGGVPTIHRGNTGTTRIRTVRFVFGWVQGVGFRATCQTRA□ELGLSGFARTARRGVQVVALAEGTHLREAWLAWLREPPPRAVRGVRIESRAPVDALGDFEIRRD</s>"
"20800","<s>MTKRPTIRFVERVFLVQGCVFGRVQNARAVGLGLRNLAVGAVVQGIAAGKGTRVASRQDLVRRCMMLSRCQ</s>"
"20900","<s>MGERPARLTAWVDGMVQG□□□RWWALKRAQRLGLRGTARNTRDGRVDADAEGPQEATRRFLKALSSGPSPGRVEQVVETWRAAQGEFRGFYVR</s>"
"21000","<s>MVTKSVRLFITGHVQSVGYRKCTSREAKYRGLYGWCKNTENGHVEAIIQGDPAELELMKRWLRHEGSPSSRIDRVEFSNEYSHFKSFVIKY</s>"
"21100","<s>MARVCMVGYVSGKVQGVYYRQSTSEEAER□DLDGWVRNLPDGRVEVLFEGEEGAVRELADWLEDGPQEALVTELELEVQPAQGITGF□IRR</s>"
"21200","<s>MSANRVVVHGRVQGVGYRAWCREHAARAGIDGWVRNTPDGTVEA□LQGPPDAVERVVQSVHRSEAYARVDRVDSESVEED□DRDFEIR</s>"
"21300","<s>MDESDD□ITTLHAIITGRVQGIFYRAFVKQQAQALGLTGWVRNLSDGSVELVAQGPRTALDALLIAINKGPPAARVDVQEDRWEPSSAEATTFRITWSEPGA</s>"
"21400","<s>MTRAMRRTGDYERRTRRFLVGGRVQGVGFRWTTELF□KSRSVTGWVCNLPDGRVEIHAEGEADELGELAWGDIAGMGRFAREVCVCEEDGLQGDD□L</s>"
"21500","<s>MARERAVVLVSGKVQGVFFRAETVRKAVTLGIRGWVRNLPDGKVEAVFEGEEKKIKKMVEWCREGPKYANVTNVEIEWQEARGEFDDFRVIYNGYLFAL</s>"
"21600","<s>MQKVRMIAQGRVQGVGFRWGVYRLALEIGGITGRVWNNEDGTVEILAAAENSALMAKFIQEIRKGPTPFSKVYYLDVTLANFK□YSDFKIAN</s>"
"21700","<s>MEKRVSIVARGLVQGVGFRYFVVQVAVERGLSGWVRNRPDNSVEIEAQGGAGMVNELVKQARIGPPHA□VETMDVRD□TPV□DETRFEIR"
"21800","<s>MKKKRVKASIIGEHVGVGFRAVFAKKAAQYNIRAYVRNLPNNGVEVEAEGSLESLDKFLDILDKGTPF</s>SSIQREYTYYFFPIMNEIFTKELNG□SKQDGLMDG□F</s>"
"21900","<s>MVRQCLRLYVSGRVQGVFFRQSHEQQAQRLGLDGWVRNLEDGRVEV□FEGEAARLGQLASWLHQGPQAATVERVELAD□DLQGVTGFAVRG</s>"
"22000","<s>MMLRAHVLISGTVQGV□FRSNTVQKAQELGVAGWVKNLRDGKVEAVFEGTESQILRMIEWCSVGPQGASVTSVTMTYSTSTGEFQTFESVY</s>"
"22100","<s>MAEIHAIVKGYVQGVWFRGWTRDQALALGLKGTVKNLADGSVEVTCESAKSQLLQAFEQLLRQGSPMSEVTDVQVNDRESDHEGSGFEIK</s>"
"22200","<s>MSLKGFDFEVFGKVQKVFFRKFTKKNAIASDLVGFVRNTSDGSVEGVLEGATEGLALALRELLHKGAPMSRITDVKITNVFEPDEVSTLTMVK</s>"
"22300","<s>MTVCR□VARVDGRVQGVSFRAFVQQEARALGLSGYAY□L□DGRVEVW□EGEWEQVEKLAQFLD□GPQMA□VKSVDLVERPVQTGEGFRVG</s>"
"22400","<s>MPDLASLKCTVHGRVQGVSFRAYVSQRAKELGLTGYVVNVWGGRVVELVAEGRKEKLETLLDYVDVGPPMAEVIKVDVDWGEYTNSFSEFVKR</s>"
"22500","<s>MPVERRTLKYVVTGVVGGVGFYYGVRREAMKGGLTGWVRNRNGGSVECVADGASEELRALFLRLAEGPYGADVRGVTACAAEAFPHEGFRIS□V</s>"
"22600","<s>MKSVEIIIHGRVQGVGFRYTTVIIAKQLGLYGWVRNEDGGTVTIEVVGNSEKKDELFDVLPSPLARFAKVEDLEIHEVNNFSESNDFEVKY</s>"
"22700","<s>MSNVCIIAWVYGRVQGVGFRYTTQHEAQRLGLTGYAKNMDDGSVEVVACGDAAQVEKLIKWLKEGGPRSARVDKILTEPHSPRETLTDFSIRY</s>"
"22800","<s>MEKATRCRRRFILHGQVQGVGFRWRVRRRALELALAGTARNRDDGTVEVAAEGPADALDRLAKALRRGPAAVRVDAVEEWETAGGFSGFF□VG</s>"
"22900","<s>MRSVRMKVYGRVQGVGFRYLTKTV□DRLHICGSVANEDDGSVWIEAMGTDEDMNEAIQRIKKSPSAMG□VRTVKIIEDDNIIPVNKF□VTN</s>"
"23000","<s>METRWRMIVEGLVQGVGFRYFVQEVANQMGLTGWVRNLPNGSVEIEVQGEEEKIERFISAVSASPTRAVVVNKTVQSIPPLDGEKDFIAY</s>"
"23100","<s>MPQTHLWITGRVQGVGFRFYVVRLAAQLNIAGWVKNLEDSRVEAVAQGELDHQRYLIERLQDAPGIFVKVESQTTNKRCPLNKFTGFKI</s>"
"23200","<s>MTATEVSTMVTYNLVIRGRVQGVGFRAWLSREARRRGLRGWVKNLPNGDVEAILQGPEDAVDRMIALLRSDPPAMVVTKVAIDEREGPFTAGFVGF</s>"
"23300","<s>MIRVRVLIAPTVQGVGYRWFVRRRAEVAGLHGWVRNRDDGRVEAAVEEDDAVRTEVAWLREGPAGARVDRVHVEELSREPRGGAGFEIRDTTC</s>"
"23400","<s>MSLVTRRYFVTGRVQGVGYRAFACRAANRLGLAGFVRNLPDGRVEVVVAGRPASLAEFETRLWSGPTHARVTRVTQEEASEEIGPEFSEFR□LLST</s>"
"23500","<s>MRKVRMNVQGRVQGVGFRYMTKMVADELGIKGTVRNEEDGSVSIEAVGDDETMLTFIQKVKKSPSPAGRVTQIQVEDDPSMKNRMKFSVTG</s>"
"23600","<s>MSDSSIDPSVRAVVVVRGRVQGVGYR□YA□MQASRLGLSGWVCNLPDGRVELVAQGPAEDIDFLVRLAKRGPAWSDVRSLEVDW□AAETSPAGFRAERAGSRGV</s>"
"23700","<s>MQALSLRIEGRVQGVGFRVWVAEEAR□LGLEGSVKKLPDGSVEVVAVGAEAALENLVDLCKRGPPLSRVEHVDAERASVEENLVDFKIVY</s>"
"23800","<s>MIRLEVYVSGRVQGVNFRVYSRDVAKSLGVTGFVRNLEDGRVYIVVEGVKETLDLFVDWCRKGPLMAKVSGMDIKESEEKNYKDFIIIR</s>"
"23900","<s>MAKR□AFRVHGTVQGVFFRDFTQRNANLYGLTGWVRNTSDGKVEGEAQGDESSITKLLADISQGPRHAHVTGLEKEEKDTKDGEESFDVRR</s>"
"24000","<s>MNKISVRVTIEGKVQGVFYRTETQQKARSLNLTTWVRNNDDGSVSAFFQGDDEVVQKLVDWCWQGPPAATVVNVQLKQEPVLSSFTDFTILR</s>"
"24100","<s>MTSGEAGRLGVIDLTAVTLTVRGQVQGVGFRWWAEKAA□□IGVSGWVKLLADGAVEVHAIGES□□VDRFVEACHDGSHRDRVAGVVARLAVPRH□DAGDFSVA</s>"
"24200","<s>MNKRLHAIVSGRVQGVGFRWFVREAASLRGLTGFVRNMRDGTVEVMVEGDESVLKEFLTLLHQGPSSARVDNVIVTQSQYTGEFTGFSIR</s>"
"24300","<s>MNESTTIGVRVIITGKVQGVSYRYWTVTNAQKLSLTGWVKNLLDGRVEAVFEGAPDVMNKMLQACADGPMPATVTDMEVTKGQDPFALSHFEIRT</s>"
"24400","<s>MNEEARLTAWVRGRVQQVGFRWFTRANALEIGGLIGFALNLDDGRVQVVAEGPSENCHRLLDWLRSDDTPGRVDDVTEIWDTPRGNYDGFAIR</s>"
"24500","<s>MKTVRVKIYGRVQGVGYRRFALQTAHELGISGYVRNLRDRKVEVTAIGEATLVEKFIHELKKGPALSRVEKAMIEDCIPRRFDEFRIVP</s>"
"24600","<s>MVSYYFIISGRVQGVCYRTYVSEQAGRFKFTGYTKNKNDGDVEVVCECEEDELEEFEKILKKGSITIHIENVTQSPEKILKGFDSFEILY</s>"
"24700","<s>MAGENPRKAVIARISGRVQGVYYRNWTVEHAREGG□AGWVRNR□DGTVQA□F□GPAV□VDDMMTRCRRGPSAA□□SDLEVFPASSPGQGFEQRPTA</s>"
"24800","<s>MKRLKIYISGRVQGVGFRSFCERYALELDLNGYVKNLDDGRVELVAEGDEASLDEFQARLVQGSPGSKVTSVDFHKIATNNEPEHGLKGF□TQY</s>"
"24900","<s>MSSKIRVHIILSGHVQGVGFRYFIQDQAR□LGITGWVKNNADGTVELEASQEVENMSKQIEWAKTGGPSAAEVDQVQVKLSTFPGLSGFETR</s>"
"25000","<s>MALLRFIVRGHVQGVGFRWFVWREAQRLELRGFARNNPDGAVEVVAQGPEEGLERLEEALRRGPSQARVDQLERLQVPVELDIPGFEVREGW</s>"
"25100","<s>MKVRSHVFVSGRVQGV□FRFYTEEKASELGVTGWVRNRPDGRVEAVLEGEEQAVHKVIEWCRRGPPAARVKDVEVAWEAFQGELNDFVIRYSG□N</s>"
"25200","<s>MERTRAH□RVYGRVQGV□FRANTRERADAQGVDGWVRNREDGSVEAVFEGPPDRVERILDFVREGPRFARVTRVDVKFEEPLGETGFRVRA</s>"
"25300","<s>MVRRVNLKIEGRVQGVSFRYSQQMKAKELGLKGFVRNEPDGSVYVEAEGDDGSVEKFINWLYLGPPMAKVRNIEIIEQDITGKFSDFNIR</s>"
"25400","<s>MNKVRFAVAGKVQGVSFRAFVKER□TELGLTGWVRNRLDGTVEVQASGDD□KIAQF□RLLWDGPPASRVTETVAEAVDSPGWPEFRILPTS</s>"
"25500","<s>MSKVCTIAWVHGLVQGVGFRYSTQREALQLGLTGYAKNMDDGSVEVVACGEAAQVEKLIAWLNAGGPRSARDDKVLTEPHQPGREYVNFSIRY</s>"
"25600","<s>MAIRA□VRYTGEVSGVGFRATLYRLAVENDVGGYV□NEKDLTVSAVDEGEEKAIIQFLDRIKRDKAKNIHEEPVAKWEEPTGEFREFSIL</s>"
"25700","<s>M□LAYQVHVTGRVQGVGFRYFAQKYAEQLDLSGWVANQPDGSVDLHAEGDREHLEALLEKLSQGPPAAQVSRVEVTDSEPQHEWKDFTIR</s>"
"25800","<s>MKTVK□NVRGRVQGVGFRYTCKVRADQLEILGIVRNDPDGSVTI□AQGPAAAIDKFIQVIKDS□TSAGRVSHVSFKELDKFD□KRFR□TY</s>"
"25900","<s>MQQAEKKCALFRMSGRVQGVFFRARAQAQAR□LGLTGWVRNRADGSVEVLACGDPAAVDQLAEWLWKGPPAALVRDVQAHPADDDPNAAGFQVT</s>"
"26000","<s>MRRKIVYYSGRVQGVGFRYTARSVAHGYELRGFVKNLPDGRVYVFIQGDEALLEKFLTATANDGRDNIQIINMEITTYDGDLEGVRDFYGWP</s>"
"26100","<s>MGQ□KGFLTVTGLVQGVGYRYWTRQTALRLGLSGWVRNKRDGSVEVLVEGPAERVEEMIAECMAGPSAARVEAVRTDDVEISGDEPFPTKGV□AGDRF</s>"
"26200","<s>MKFKLLIKGIVQGVGFRTFVSRNAQQLNVRGYAKNLNDGDVEVLLIAATDDVERLESLILQGTPFAKVERIEREKLDHDDDYPSFEIEK</s>"
"26300","<s>MIKRIYAKVSGKVQGVGYRYYVLRQARELGLTGTVQNLPDGTVEVLAQGKDKDIRDYLDALRRGPFRAIVKTIEEEWSSPDQPDWSFDVLF</s>"
"26400","<s>MAEEVRMTTWVRGRVQGVGFRWFTRAV□LEIGGLTGYAGNLDDGRVQIVAQGRREHCERLLELLRTRGTPGRVDGVTEIWGEARGGYDGFA□R</s>"
"26500","<s>MSESITRHVRIHGVVQGVGYRSWLASEAGRLGLTGWVRNLRDGAVEAVVRGPVPAVDKILDAARRGPPSARVSSVDVGEHDSPD□GHEFEIIPTL</s>"
"26600","<s>MTTIHLNLHGIVQGVGFRPFAYRKALEMNVKGWVKNRPDGTVEIEAHGDESSIESFIAGVYKGPPLA□INEFEERFVEEPFRKEFII□</s>"
"26700","<s>MNGDELDERIEEYYVRVRGVVQGVGFRHATVGEAAALKLRGWVTNLDDGSVEAMIQGSAQQIDRMLAWLRHGPPAAHVTEVTFEEHRTDKRFERFQQH</s>"
"26800","<s>MKKVRLRVHGSVQGVGFRYSILDRARALDVTGYVKNMPDGTVEIEAEGHDAAINRLLNFVK□GPPGSHVTGVDVDWSTLTGKFGEFTVIYR</s>"
"26900","<s>MSKRRIIFSGRVQGIGFRAQIKRQATSYDVVGFVKNLPDGRVQVVCEGGELELDAFIQAVSHHVLGKNMKITVRDHDLIVDENYIGFRDFRIRM</s>"
"27000","<s>MQATRYAVEGRVQGVGFRYSTRDVAIRLNVSGYAKNLPDGRVEV□AAGRAGDLRTFEEYLRVGPRMAEVREIWYPLADEPGGEGFSIC</s>"
"27100","<s>MHSFKLLIQGVVQGVGFRFFLYKEATNLNIVGYVKNLNNGDVEVLIQGEKDNIKKMIKLMKLSHSSAKIKSIQQ□KESESENYSDFRVK</s>"
"27200","<s>MCPLPLAAAA□TAPRTPLRLLNRGLAAAMSTRRPLKSVDYEVFGRVQGVCFRMYTE□E□RKIGVVGWVKNSSKGTVTEQVGGPEDKVNSMLCIS□V</s>"
"27300","<s>MTSARAHLLISGRVEEVGFRNAVKDQARKAGETGWVRNLRDGRVEAVLEGEQQAIDKMEQWCHRGPPVAKVTQVEIDVGEPMGGGSFTVKQS□RVNREFSCFRLLPNTHI</s>"
"27400","<s>MLFKDETARLRHHGKVQGVFFRASAQEVAIGLGLTGWVRNCADGSVELLVQGPAGAIAAIIAWCRTGPPKASVQRIDIEWIEGD□LFTSFHIRY</s>"
"27500","<s>MHKQRYFVSGKVQGVGFRFFAEQCALSLKISGFVKNLDDGRVEIVAFFNTKERAELFQKLLKGNDKSNAEDIRMEILTDEDYPFAFDFFRYY</s>"
"27600","<s>MANLIKTMKVAFTGKVNGVGGRLFEFELNVLKRYDLNGGVRNGDDGSVEAVIEGTEDQIEKMLTALKAENGIVRIGKIESVELKYSDFKDFEIR</s>"
"27700","<s>MATIATAAYVYGLVQGVGFRYSTQHEATRLGLNGYARNCDDGSVEVIACGDAAQRETLIQWLKQGGPRGARVDKVLIEPHSKTDYEGFTIRY</s>"
"27800","<s>MTKFIHARVIVKGDVQGVGFRAFVKEFKTRYGLAGFVRNLTVNVVESNCEGEAETILGKIKIQKEGPVLGKVKKVELQYTWPRDYNDFQIN</s>"
"27900","<s>MRRIRAIVTGRVQGVGFRAFTQRIATQLKLGGWVKNKSDGSVELIAEGPD□DLAALLTAVGSSPPLAGVDNVKVQWSEGTGDFKESEVKPT□WR</s>"
"28000","<s>MITRIIITIKGKVQGVGYRPFYTSFAQKMNITGYATNKPDGEVEVVIEAEEGDSKRVLEAVMFSRSISKITVIVDVKLDEEHQGAISRFFDP□YNFTRGQMLHAL□□CLKLVNRNQKE</s>"
"28100","<s>MERRRMVVFGRVQGVGFRFRAQQHASLYDLTGWVKNESDGSVSLEVQGDKPQIYDFIYTIEQRSSPYLCIMHCQKEMELVQDESSFKVRY</s>"
"28200","<s>MNLWDLAALIHRQWLSSYLSHEDTAAPGPTG□IRQQCTFHGRVQGVVFRYTSSLLANSLCLGGWISNERDKAVRLMALGIEQQIAFLRKARKKGLYASYISERHQDEKDHPQHHKHDSFNVLY</s>"
"28300","<s>MSNRGVKVIVRGLVQGVGYRYFVKQVAEAQGLTGWVRNNPDGSVECV□EGNSQGVEALIDVLR□GPRAAKVTRVDLKDEEFGELSVFEVKR</s>"
"28400","<s>MKRYYVVVDGRVQGVGFRYHATINASECNLTGWVRNMYDGMVEMEVQGTELRLSTFLDLLKRGNRFIRVDDMKVTEIPLSEKERGFVIKY</s>"
"28500","<s>MRSLYAVISGDVQGVWFRSSTKQEAE□LKCTGWVRNTGYDAVELLASGPESKLTDLTEWLAKGPPLADVTNVETEWGDVP□□EFEIF□IR</s>"
"28600","<s>MASLKEIKVSIKARGLVTGVGFRYFTIQEAEHALGLAGTKNAEEDKSVEIEVQGLVGNVKDFVRQLKKGPSSARVDNVNTHYMEINPID□DFIKLKT</s>"
"28700","<s>MSDPAPAERLTAWVHGRVQGVGFRWFTRSRALELGVVGHATNHPDGRVMVVAEGPRPALELLLAWLRSGETPGRVRLVVENWDPARGDLTGFVER</s>"
"28800","<s>MLLRIKYIIKGSVQGVGFRHNTLDNATALGLTGFVKNLDDGSVLVNAQGDQHLIDQLVLWTQKGPSWMEIRGIEFETLYSSEDDHQGFDVK</s>"
"28900","<s>MKALRAVVRGTVQGVFFRFFVVRHVHKLRLKGYVHNLNLKDEAVEVVAEGFEDALEELLRILHQGPPHAEVEKVDIEYIELSGLKTFEIRY</s>"
"29000","<s>MSAGEGLVEVDIEIFGHVQGVCFRMYTEGEGLKLGLVGWVKNTRRGTVQGQAQGPADMVEEMKNWLSKEGSPTSRIIRARTTNEKTISALDFKGFKIRY</s>"
"29100","<s>MSADPDVRLTAWVHGHVQGVGFRWWTRSRALELGLTGYASNRADGRVLVVAHGPRESCERLLELLQGHSTPGRVDKVVDSWSPRGEDLPGFTER</s>"
"29200","<s>MKTVRRRILGRVQGVWYRGWTVETAKDLGLSGWVRNRADGSVEAVFSGTETAVAAMLNACWQGPPGAKVESVQRNPAEPPEGEGFQQRPTG</s>"
"29300","<s>MSKAFRVFAEGRVQGVGFRYSALKVAREHYLRGYVRNLPDGRVEAFIVGTEEDLNGFLDYCRRGTSDAQVTRLLSESMEDFPELDGFKIM</s>"
"29400","<s>MA□IRVHVWIAGKVQGVFFRVSTRDEAEAKGLTGWVRNLSDGRVEAVVEGMADQVHQMLQWCSRGPPRARVDHLEVRPEEIDAEISGFRIRSSGG"
"29500","<s>MKRVVVTVRGRVQGVGFRYFTRDEARRLGLKGYVRNLFNGQVEIDAFGPEGRIGEVLKRLEKGPTRARVDRHTVSVSEQYDEDRQFVSFRVRF</s>"
"29600","<s>MMNQMCMRCFISGRVQGVWYRASARDQARHLGLSGWARNLSDGRVEVLACGTQANLESLYEWLKQGPALAQVDEVQTNEVGWQEYRDFDTF</s>"
"29700","<s>MRLRIQIHGRVQGVGFRWHTEEEAKKLGIQGFVRNETDGSVFVEAEGSESNLGAFIQWVGHGPRTARIESLEVDWGDSEGFDEFEI□R</s>"
"29800","<s>MPEHRALTVLIYGRVQGVSYRWWTRQAAAERVLSGWVRNKRDGTVEA□FRGDPDAVAEMLQTCRAGGPPAAVVDKVELPDDPPDGEGGGFVQIATA</s>"
"29900","<s>MQGVGFRFVYQEARKGLLNGSYWVKNDGSVELVVEATDTSLAAFLAKIGYSMRRSVKDVEVLDDTRPDFRETAFRA</s>"